[
  {
    "model": "expenses.expense",
    "pk": 1,
    "fields": {
      "name": "everything",
      "amount": 2400,
      "category": "institution",
      "description": "Even technology event miss education food hair reflect.",
      "date": "2024-02-14"
    }
  },
  {
    "model": "expenses.expense",
    "pk": 2,
    "fields": {
      "name": "reason",
      "amount": 8800,
      "category": "approach",
      "description": "Road information according social court across nature.",
      "date": "2024-01-30"
    }
  },
  {
    "model": "expenses.expense",
    "pk": 3,
    "fields": {
      "name": "outside",
      "amount": 900,
      "category": "similar",
      "description": "Live run again after before also hundred.",
      "date": "2024-01-27"
    }
  },
  {
    "model": "expenses.expense",
    "pk": 4,
    "fields": {
      "name": "view",
      "amount": 900,
      "category": "blood",
      "description": "While third modern few couple big government.",
      "date": "2024-02-08"
    }
  },
  {
    "model": "expenses.expense",
    "pk": 5,
    "fields": {
      "name": "catch",
      "amount": 7400,
      "category": "old",
      "description": "Defense full design strategy site.",
      "date": "2024-02-08"
    }
  },
  {
    "model": "expenses.expense",
    "pk": 6,
    "fields": {
      "name": "help",
      "amount": 6800,
      "category": "attorney",
      "description": "Old amount fight official them list.",
      "date": "2024-01-21"
    }
  },
  {
    "model": "expenses.expense",
    "pk": 7,
    "fields": {
      "name": "two",
      "amount": 7400,
      "category": "during",
      "description": "Another parent practice clearly truth.",
      "date": "2024-02-09"
    }
  },
  {
    "model": "expenses.expense",
    "pk": 8,
    "fields": {
      "name": "book",
      "amount": 5700,
      "category": "discover",
      "description": "Energy front figure ok decision.",
      "date": "2024-02-05"
    }
  },
  {
    "model": "expenses.expense",
    "pk": 9,
    "fields": {
      "name": "amount",
      "amount": 400,
      "category": "job",
      "description": "Sometimes structure entire style food.",
      "date": "2024-01-19"
    }
  },
  {
    "model": "expenses.expense",
    "pk": 10,
    "fields": {
      "name": "pressure",
      "amount": 600,
      "category": "summer",
      "description": "Health candidate collection high individual.",
      "date": "2024-02-14"
    }
  },
  {
    "model": "expenses.expense",
    "pk": 11,
    "fields": {
      "name": "yeah",
      "amount": 8600,
      "category": "run",
      "description": "Somebody cause senior serious effect suffer many over.",
      "date": "2024-02-09"
    }
  },
  {
    "model": "expenses.expense",
    "pk": 12,
    "fields": {
      "name": "local",
      "amount": 4700,
      "category": "floor",
      "description": "Discuss choose fill wife.",
      "date": "2024-02-13"
    }
  },
  {
    "model": "expenses.expense",
    "pk": 13,
    "fields": {
      "name": "also",
      "amount": 1800,
      "category": "at",
      "description": "Government opportunity work wonder artist necessary report agency.",
      "date": "2024-02-11"
    }
  },
  {
    "model": "expenses.expense",
    "pk": 14,
    "fields": {
      "name": "decision",
      "amount": 3400,
      "category": "road",
      "description": "Make statement own important none church.",
      "date": "2024-01-28"
    }
  },
  {
    "model": "expenses.expense",
    "pk": 15,
    "fields": {
      "name": "argue",
      "amount": 9600,
      "category": "give",
      "description": "Meet send officer discuss development the performance.",
      "date": "2024-01-20"
    }
  },
  {
    "model": "expenses.expense",
    "pk": 16,
    "fields": {
      "name": "adult",
      "amount": 2100,
      "category": "four",
      "description": "Cell doctor sport seat civil address start.",
      "date": "2024-01-31"
    }
  },
  {
    "model": "expenses.expense",
    "pk": 17,
    "fields": {
      "name": "name",
      "amount": 2600,
      "category": "safe",
      "description": "Service hear fight recently military possible news or.",
      "date": "2024-01-20"
    }
  },
  {
    "model": "expenses.expense",
    "pk": 18,
    "fields": {
      "name": "box",
      "amount": 7600,
      "category": "too",
      "description": "Paper pick realize mean hair.",
      "date": "2024-02-06"
    }
  },
  {
    "model": "expenses.expense",
    "pk": 19,
    "fields": {
      "name": "game",
      "amount": 5700,
      "category": "somebody",
      "description": "Law whom authority employee rest.",
      "date": "2024-01-29"
    }
  },
  {
    "model": "expenses.expense",
    "pk": 20,
    "fields": {
      "name": "line",
      "amount": 8200,
      "category": "site",
      "description": "Part this bit energy federal.",
      "date": "2024-02-02"
    }
  },
  {
    "model": "expenses.expense",
    "pk": 21,
    "fields": {
      "name": "right",
      "amount": 6000,
      "category": "almost",
      "description": "Protect training property industry fast.",
      "date": "2024-01-19"
    }
  },
  {
    "model": "expenses.expense",
    "pk": 22,
    "fields": {
      "name": "we",
      "amount": 9000,
      "category": "commercial",
      "description": "Chance right hand environment.",
      "date": "2024-01-27"
    }
  },
  {
    "model": "expenses.expense",
    "pk": 23,
    "fields": {
      "name": "again",
      "amount": 1100,
      "category": "ball",
      "description": "I provide Congress any.",
      "date": "2024-02-15"
    }
  },
  {
    "model": "expenses.expense",
    "pk": 24,
    "fields": {
      "name": "money",
      "amount": 1600,
      "category": "future",
      "description": "Without under rich create everyone.",
      "date": "2024-01-19"
    }
  },
  {
    "model": "expenses.expense",
    "pk": 25,
    "fields": {
      "name": "bank",
      "amount": 3300,
      "category": "room",
      "description": "Animal seem letter theory arrive.",
      "date": "2024-02-03"
    }
  },
  {
    "model": "expenses.expense",
    "pk": 26,
    "fields": {
      "name": "home",
      "amount": 7100,
      "category": "certain",
      "description": "Move purpose manage message.",
      "date": "2024-01-27"
    }
  },
  {
    "model": "expenses.expense",
    "pk": 27,
    "fields": {
      "name": "training",
      "amount": 8700,
      "category": "then",
      "description": "Wish stay actually so race kitchen.",
      "date": "2024-02-12"
    }
  },
  {
    "model": "expenses.expense",
    "pk": 28,
    "fields": {
      "name": "senior",
      "amount": 6700,
      "category": "agree",
      "description": "Just control list bar carry.",
      "date": "2024-01-19"
    }
  },
  {
    "model": "expenses.expense",
    "pk": 29,
    "fields": {
      "name": "relationship",
      "amount": 3500,
      "category": "expect",
      "description": "Throughout hundred ability fight clear woman.",
      "date": "2024-01-27"
    }
  },
  {
    "model": "expenses.expense",
    "pk": 30,
    "fields": {
      "name": "laugh",
      "amount": 3600,
      "category": "result",
      "description": "Sure town arm stop late push.",
      "date": "2024-02-12"
    }
  },
  {
    "model": "expenses.expense",
    "pk": 31,
    "fields": {
      "name": "social",
      "amount": 2100,
      "category": "edge",
      "description": "Concern benefit bag wear often threat ok when.",
      "date": "2024-02-09"
    }
  },
  {
    "model": "expenses.expense",
    "pk": 32,
    "fields": {
      "name": "animal",
      "amount": 3200,
      "category": "film",
      "description": "Risk perform authority push discover process.",
      "date": "2024-01-22"
    }
  },
  {
    "model": "expenses.expense",
    "pk": 33,
    "fields": {
      "name": "official",
      "amount": 3400,
      "category": "garden",
      "description": "Talk without its financial forget teach.",
      "date": "2024-01-22"
    }
  },
  {
    "model": "expenses.expense",
    "pk": 34,
    "fields": {
      "name": "animal",
      "amount": 9300,
      "category": "pretty",
      "description": "Set young management test course foot.",
      "date": "2024-02-12"
    }
  },
  {
    "model": "expenses.expense",
    "pk": 35,
    "fields": {
      "name": "knowledge",
      "amount": 6100,
      "category": "note",
      "description": "Food line value low.",
      "date": "2024-02-15"
    }
  },
  {
    "model": "expenses.expense",
    "pk": 36,
    "fields": {
      "name": "daughter",
      "amount": 8400,
      "category": "along",
      "description": "There because successful authority argue.",
      "date": "2024-01-29"
    }
  },
  {
    "model": "expenses.expense",
    "pk": 37,
    "fields": {
      "name": "always",
      "amount": 8900,
      "category": "language",
      "description": "Tough international contain work model.",
      "date": "2024-01-22"
    }
  },
  {
    "model": "expenses.expense",
    "pk": 38,
    "fields": {
      "name": "five",
      "amount": 8800,
      "category": "unit",
      "description": "Wrong cold book argue above.",
      "date": "2024-02-10"
    }
  },
  {
    "model": "expenses.expense",
    "pk": 39,
    "fields": {
      "name": "low",
      "amount": 1300,
      "category": "unit",
      "description": "Range million upon.",
      "date": "2024-02-13"
    }
  },
  {
    "model": "expenses.expense",
    "pk": 40,
    "fields": {
      "name": "finally",
      "amount": 1000,
      "category": "cup",
      "description": "Particular choice partner threat bring unit hot.",
      "date": "2024-02-10"
    }
  },
  {
    "model": "expenses.expense",
    "pk": 41,
    "fields": {
      "name": "Congress",
      "amount": 8700,
      "category": "around",
      "description": "Exactly throughout soldier try manager.",
      "date": "2024-01-28"
    }
  },
  {
    "model": "expenses.expense",
    "pk": 42,
    "fields": {
      "name": "field",
      "amount": 4700,
      "category": "evening",
      "description": "Move focus keep break.",
      "date": "2024-01-18"
    }
  },
  {
    "model": "expenses.expense",
    "pk": 43,
    "fields": {
      "name": "kitchen",
      "amount": 1200,
      "category": "trial",
      "description": "View human little perhaps if quickly scientist.",
      "date": "2024-02-13"
    }
  },
  {
    "model": "expenses.expense",
    "pk": 44,
    "fields": {
      "name": "management",
      "amount": 6600,
      "category": "whose",
      "description": "Give control lay yourself.",
      "date": "2024-01-27"
    }
  },
  {
    "model": "expenses.expense",
    "pk": 45,
    "fields": {
      "name": "him",
      "amount": 9700,
      "category": "song",
      "description": "Card seat new own.",
      "date": "2024-01-30"
    }
  },
  {
    "model": "expenses.expense",
    "pk": 46,
    "fields": {
      "name": "ahead",
      "amount": 7900,
      "category": "dream",
      "description": "Marriage across future southern career miss dinner summer.",
      "date": "2024-02-02"
    }
  },
  {
    "model": "expenses.expense",
    "pk": 47,
    "fields": {
      "name": "number",
      "amount": 2500,
      "category": "military",
      "description": "Up generation huge expert region full everyone.",
      "date": "2024-02-01"
    }
  },
  {
    "model": "expenses.expense",
    "pk": 48,
    "fields": {
      "name": "movement",
      "amount": 100,
      "category": "age",
      "description": "Away about hospital own director.",
      "date": "2024-01-19"
    }
  },
  {
    "model": "expenses.expense",
    "pk": 49,
    "fields": {
      "name": "individual",
      "amount": 1900,
      "category": "tell",
      "description": "Any surface voice start teach.",
      "date": "2024-01-24"
    }
  },
  {
    "model": "expenses.expense",
    "pk": 50,
    "fields": {
      "name": "cause",
      "amount": 1000,
      "category": "challenge",
      "description": "Series quickly cause toward concern.",
      "date": "2024-01-21"
    }
  },
  {
    "model": "income.income",
    "pk": 1,
    "fields": {
      "amount": 43000,
      "source": "public",
      "description": "State economy even nature heavy.",
      "day_of_month": 5
    }
  },
  {
    "model": "income.income",
    "pk": 2,
    "fields": {
      "amount": 5000,
      "source": "perform",
      "description": "Understand under only whatever American among camera soldier.",
      "day_of_month": 19
    }
  },
  {
    "model": "income.income",
    "pk": 3,
    "fields": {
      "amount": 7000,
      "source": "significant",
      "description": "Risk before during sea.",
      "day_of_month": 17
    }
  },
  {
    "model": "income.income",
    "pk": 4,
    "fields": {
      "amount": 11000,
      "source": "rule",
      "description": "Way security TV professor produce firm ago billion.",
      "day_of_month": 3
    }
  },
  {
    "model": "income.income",
    "pk": 5,
    "fields": {
      "amount": 21000,
      "source": "heart",
      "description": "Politics husband your chance along.",
      "day_of_month": 20
    }
  },
  {
    "model": "income.income",
    "pk": 6,
    "fields": {
      "amount": 41000,
      "source": "office",
      "description": "Every go statement hand.",
      "day_of_month": 3
    }
  },
  {
    "model": "income.income",
    "pk": 7,
    "fields": {
      "amount": 9000,
      "source": "difficult",
      "description": "Course remain movement entire pay television arm ok.",
      "day_of_month": 26
    }
  },
  {
    "model": "income.income",
    "pk": 8,
    "fields": {
      "amount": 26000,
      "source": "sea",
      "description": "Girl may simply while personal style friend.",
      "day_of_month": 9
    }
  },
  {
    "model": "income.income",
    "pk": 9,
    "fields": {
      "amount": 46000,
      "source": "skill",
      "description": "Natural contain whole purpose family.",
      "day_of_month": 13
    }
  },
  {
    "model": "income.income",
    "pk": 10,
    "fields": {
      "amount": 49000,
      "source": "player",
      "description": "Enough something property concern also share.",
      "day_of_month": 17
    }
  },
  {
    "model": "income.income",
    "pk": 11,
    "fields": {
      "amount": 2000,
      "source": "something",
      "description": "Environment computer news daughter truth.",
      "day_of_month": 10
    }
  },
  {
    "model": "income.income",
    "pk": 12,
    "fields": {
      "amount": 45000,
      "source": "few",
      "description": "Director final east various instead.",
      "day_of_month": 16
    }
  },
  {
    "model": "income.income",
    "pk": 13,
    "fields": {
      "amount": 50000,
      "source": "stuff",
      "description": "Whole position perhaps voice always development might table.",
      "day_of_month": 23
    }
  },
  {
    "model": "income.income",
    "pk": 14,
    "fields": {
      "amount": 34000,
      "source": "near",
      "description": "Beyond chair argue stay moment campaign.",
      "day_of_month": 28
    }
  },
  {
    "model": "income.income",
    "pk": 15,
    "fields": {
      "amount": 43000,
      "source": "less",
      "description": "Sea network down food.",
      "day_of_month": 5
    }
  },
  {
    "model": "income.income",
    "pk": 16,
    "fields": {
      "amount": 3000,
      "source": "of",
      "description": "Few result care catch.",
      "day_of_month": 15
    }
  },
  {
    "model": "income.income",
    "pk": 17,
    "fields": {
      "amount": 27000,
      "source": "television",
      "description": "Scientist eat traditional doctor mother recently follow establish.",
      "day_of_month": 3
    }
  },
  {
    "model": "income.income",
    "pk": 18,
    "fields": {
      "amount": 34000,
      "source": "discussion",
      "description": "Around education shoulder serious.",
      "day_of_month": 13
    }
  },
  {
    "model": "income.income",
    "pk": 19,
    "fields": {
      "amount": 1000,
      "source": "house",
      "description": "Bar responsibility new reality.",
      "day_of_month": 12
    }
  },
  {
    "model": "income.income",
    "pk": 20,
    "fields": {
      "amount": 49000,
      "source": "again",
      "description": "Boy specific west education sport case leg arrive.",
      "day_of_month": 6
    }
  },
  {
    "model": "income.income",
    "pk": 21,
    "fields": {
      "amount": 26000,
      "source": "tough",
      "description": "Practice appear son southern.",
      "day_of_month": 26
    }
  },
  {
    "model": "income.income",
    "pk": 22,
    "fields": {
      "amount": 11000,
      "source": "land",
      "description": "Son middle make ago still.",
      "day_of_month": 13
    }
  },
  {
    "model": "income.income",
    "pk": 23,
    "fields": {
      "amount": 37000,
      "source": "something",
      "description": "Shoulder light Democrat respond build.",
      "day_of_month": 12
    }
  },
  {
    "model": "income.income",
    "pk": 24,
    "fields": {
      "amount": 36000,
      "source": "civil",
      "description": "Final onto later great down.",
      "day_of_month": 27
    }
  },
  {
    "model": "income.income",
    "pk": 25,
    "fields": {
      "amount": 22000,
      "source": "stage",
      "description": "Movement both again.",
      "day_of_month": 3
    }
  },
  {
    "model": "income.income",
    "pk": 26,
    "fields": {
      "amount": 38000,
      "source": "live",
      "description": "Office goal person policy thus budget beyond set.",
      "day_of_month": 27
    }
  },
  {
    "model": "income.income",
    "pk": 27,
    "fields": {
      "amount": 24000,
      "source": "nearly",
      "description": "Factor item movement market.",
      "day_of_month": 14
    }
  },
  {
    "model": "income.income",
    "pk": 28,
    "fields": {
      "amount": 24000,
      "source": "policy",
      "description": "Rule hundred remain go choice.",
      "day_of_month": 5
    }
  },
  {
    "model": "income.income",
    "pk": 29,
    "fields": {
      "amount": 6000,
      "source": "story",
      "description": "Capital drug probably edge model become least body.",
      "day_of_month": 27
    }
  },
  {
    "model": "income.income",
    "pk": 30,
    "fields": {
      "amount": 8000,
      "source": "hospital",
      "description": "Civil summer eight commercial message officer first from.",
      "day_of_month": 28
    }
  },
  {
    "model": "income.income",
    "pk": 31,
    "fields": {
      "amount": 17000,
      "source": "economy",
      "description": "Lawyer player lay cultural four eat.",
      "day_of_month": 9
    }
  },
  {
    "model": "income.income",
    "pk": 32,
    "fields": {
      "amount": 21000,
      "source": "result",
      "description": "A explain look case research deal thought.",
      "day_of_month": 3
    }
  },
  {
    "model": "income.income",
    "pk": 33,
    "fields": {
      "amount": 2000,
      "source": "mention",
      "description": "Rich whatever small heart firm country car.",
      "day_of_month": 13
    }
  },
  {
    "model": "income.income",
    "pk": 34,
    "fields": {
      "amount": 19000,
      "source": "century",
      "description": "Left how debate claim add.",
      "day_of_month": 15
    }
  },
  {
    "model": "income.income",
    "pk": 35,
    "fields": {
      "amount": 32000,
      "source": "reason",
      "description": "Father tax daughter key require summer.",
      "day_of_month": 19
    }
  },
  {
    "model": "income.income",
    "pk": 36,
    "fields": {
      "amount": 20000,
      "source": "understand",
      "description": "Vote benefit instead country from day room executive.",
      "day_of_month": 3
    }
  },
  {
    "model": "income.income",
    "pk": 37,
    "fields": {
      "amount": 15000,
      "source": "whatever",
      "description": "Executive until party focus appear story.",
      "day_of_month": 18
    }
  },
  {
    "model": "income.income",
    "pk": 38,
    "fields": {
      "amount": 9000,
      "source": "throughout",
      "description": "Write send left.",
      "day_of_month": 3
    }
  },
  {
    "model": "income.income",
    "pk": 39,
    "fields": {
      "amount": 1000,
      "source": "each",
      "description": "Third reason learn others imagine test until.",
      "day_of_month": 3
    }
  },
  {
    "model": "income.income",
    "pk": 40,
    "fields": {
      "amount": 29000,
      "source": "material",
      "description": "Leg role like if but.",
      "day_of_month": 21
    }
  },
  {
    "model": "income.income",
    "pk": 41,
    "fields": {
      "amount": 16000,
      "source": "perform",
      "description": "Through teacher word forget onto similar thing wonder.",
      "day_of_month": 19
    }
  },
  {
    "model": "income.income",
    "pk": 42,
    "fields": {
      "amount": 19000,
      "source": "tree",
      "description": "Listen really improve beat thank.",
      "day_of_month": 26
    }
  },
  {
    "model": "income.income",
    "pk": 43,
    "fields": {
      "amount": 10000,
      "source": "not",
      "description": "Market reflect administration.",
      "day_of_month": 21
    }
  },
  {
    "model": "income.income",
    "pk": 44,
    "fields": {
      "amount": 7000,
      "source": "sign",
      "description": "Them big never fight.",
      "day_of_month": 23
    }
  },
  {
    "model": "income.income",
    "pk": 45,
    "fields": {
      "amount": 24000,
      "source": "miss",
      "description": "Attack month one feeling project.",
      "day_of_month": 16
    }
  },
  {
    "model": "income.income",
    "pk": 46,
    "fields": {
      "amount": 12000,
      "source": "system",
      "description": "Lay agreement director letter power.",
      "day_of_month": 18
    }
  },
  {
    "model": "income.income",
    "pk": 47,
    "fields": {
      "amount": 37000,
      "source": "key",
      "description": "Trade kind significant fact.",
      "day_of_month": 13
    }
  },
  {
    "model": "income.income",
    "pk": 48,
    "fields": {
      "amount": 12000,
      "source": "political",
      "description": "Camera beat peace pass old.",
      "day_of_month": 23
    }
  },
  {
    "model": "income.income",
    "pk": 49,
    "fields": {
      "amount": 20000,
      "source": "scene",
      "description": "Would share nice it hear speech investment both.",
      "day_of_month": 19
    }
  },
  {
    "model": "income.income",
    "pk": 50,
    "fields": {
      "amount": 21000,
      "source": "little",
      "description": "Professor culture feel pressure.",
      "day_of_month": 15
    }
  },
  {
    "model": "income.recurringincome",
    "pk": 1,
    "fields": {
      "recurring_type": "M",
      "recurring_day": 15,
      "recurring_range": 7,
      "related_income": 33,
      "related_expense": 6
    }
  },
  {
    "model": "income.recurringincome",
    "pk": 2,
    "fields": {
      "recurring_type": "M",
      "recurring_day": 28,
      "recurring_range": 12,
      "related_income": 16,
      "related_expense": 45
    }
  },
  {
    "model": "income.recurringincome",
    "pk": 3,
    "fields": {
      "recurring_type": "M",
      "recurring_day": 20,
      "recurring_range": 12,
      "related_income": 30,
      "related_expense": 14
    }
  },
  {
    "model": "income.recurringincome",
    "pk": 4,
    "fields": {
      "recurring_type": "M",
      "recurring_day": 18,
      "recurring_range": 12,
      "related_income": 16,
      "related_expense": 17
    }
  },
  {
    "model": "income.recurringincome",
    "pk": 5,
    "fields": {
      "recurring_type": "M",
      "recurring_day": 20,
      "recurring_range": 12,
      "related_income": 39,
      "related_expense": 28
    }
  },
  {
    "model": "income.recurringincome",
    "pk": 6,
    "fields": {
      "recurring_type": "M",
      "recurring_day": 13,
      "recurring_range": 6,
      "related_income": 20,
      "related_expense": 47
    }
  },
  {
    "model": "income.recurringincome",
    "pk": 7,
    "fields": {
      "recurring_type": "M",
      "recurring_day": 16,
      "recurring_range": 10,
      "related_income": 16,
      "related_expense": 8
    }
  },
  {
    "model": "income.recurringincome",
    "pk": 8,
    "fields": {
      "recurring_type": "M",
      "recurring_day": 22,
      "recurring_range": 2,
      "related_income": 17,
      "related_expense": 36
    }
  },
  {
    "model": "income.recurringincome",
    "pk": 9,
    "fields": {
      "recurring_type": "M",
      "recurring_day": 22,
      "recurring_range": 1,
      "related_income": 5,
      "related_expense": 5
    }
  },
  {
    "model": "income.recurringincome",
    "pk": 10,
    "fields": {
      "recurring_type": "M",
      "recurring_day": 25,
      "recurring_range": 10,
      "related_income": 41,
      "related_expense": 48
    }
  },
  {
    "model": "income.recurringincome",
    "pk": 11,
    "fields": {
      "recurring_type": "M",
      "recurring_day": 2,
      "recurring_range": 5,
      "related_income": 30,
      "related_expense": 19
    }
  },
  {
    "model": "income.recurringincome",
    "pk": 12,
    "fields": {
      "recurring_type": "M",
      "recurring_day": 12,
      "recurring_range": 1,
      "related_income": 43,
      "related_expense": 2
    }
  },
  {
    "model": "income.recurringincome",
    "pk": 13,
    "fields": {
      "recurring_type": "M",
      "recurring_day": 1,
      "recurring_range": 2,
      "related_income": 34,
      "related_expense": 29
    }
  },
  {
    "model": "income.recurringincome",
    "pk": 14,
    "fields": {
      "recurring_type": "M",
      "recurring_day": 9,
      "recurring_range": 5,
      "related_income": 24,
      "related_expense": 8
    }
  },
  {
    "model": "income.recurringincome",
    "pk": 15,
    "fields": {
      "recurring_type": "M",
      "recurring_day": 16,
      "recurring_range": 9,
      "related_income": 33,
      "related_expense": 4
    }
  },
  {
    "model": "income.recurringincome",
    "pk": 16,
    "fields": {
      "recurring_type": "M",
      "recurring_day": 25,
      "recurring_range": 12,
      "related_income": 49,
      "related_expense": 25
    }
  },
  {
    "model": "income.recurringincome",
    "pk": 17,
    "fields": {
      "recurring_type": "M",
      "recurring_day": 3,
      "recurring_range": 3,
      "related_income": 38,
      "related_expense": 1
    }
  },
  {
    "model": "income.recurringincome",
    "pk": 18,
    "fields": {
      "recurring_type": "M",
      "recurring_day": 5,
      "recurring_range": 4,
      "related_income": 21,
      "related_expense": 40
    }
  },
  {
    "model": "income.recurringincome",
    "pk": 19,
    "fields": {
      "recurring_type": "M",
      "recurring_day": 7,
      "recurring_range": 7,
      "related_income": 14,
      "related_expense": 25
    }
  },
  {
    "model": "income.recurringincome",
    "pk": 20,
    "fields": {
      "recurring_type": "M",
      "recurring_day": 10,
      "recurring_range": 2,
      "related_income": 18,
      "related_expense": 19
    }
  },
  {
    "model": "income.recurringincome",
    "pk": 21,
    "fields": {
      "recurring_type": "M",
      "recurring_day": 7,
      "recurring_range": 1,
      "related_income": 27,
      "related_expense": 1
    }
  },
  {
    "model": "income.recurringincome",
    "pk": 22,
    "fields": {
      "recurring_type": "M",
      "recurring_day": 21,
      "recurring_range": 5,
      "related_income": 16,
      "related_expense": 23
    }
  },
  {
    "model": "income.recurringincome",
    "pk": 23,
    "fields": {
      "recurring_type": "M",
      "recurring_day": 17,
      "recurring_range": 1,
      "related_income": 48,
      "related_expense": 28
    }
  },
  {
    "model": "income.recurringincome",
    "pk": 24,
    "fields": {
      "recurring_type": "M",
      "recurring_day": 17,
      "recurring_range": 6,
      "related_income": 25,
      "related_expense": 14
    }
  },
  {
    "model": "income.recurringincome",
    "pk": 25,
    "fields": {
      "recurring_type": "M",
      "recurring_day": 23,
      "recurring_range": 5,
      "related_income": 45,
      "related_expense": 49
    }
  },
  {
    "model": "income.recurringincome",
    "pk": 26,
    "fields": {
      "recurring_type": "M",
      "recurring_day": 8,
      "recurring_range": 3,
      "related_income": 48,
      "related_expense": 16
    }
  },
  {
    "model": "income.recurringincome",
    "pk": 27,
    "fields": {
      "recurring_type": "M",
      "recurring_day": 21,
      "recurring_range": 7,
      "related_income": 7,
      "related_expense": 5
    }
  },
  {
    "model": "income.recurringincome",
    "pk": 28,
    "fields": {
      "recurring_type": "M",
      "recurring_day": 6,
      "recurring_range": 6,
      "related_income": 26,
      "related_expense": 47
    }
  },
  {
    "model": "income.recurringincome",
    "pk": 29,
    "fields": {
      "recurring_type": "M",
      "recurring_day": 15,
      "recurring_range": 1,
      "related_income": 38,
      "related_expense": 18
    }
  },
  {
    "model": "income.recurringincome",
    "pk": 30,
    "fields": {
      "recurring_type": "M",
      "recurring_day": 23,
      "recurring_range": 6,
      "related_income": 50,
      "related_expense": 27
    }
  },
  {
    "model": "income.recurringincome",
    "pk": 31,
    "fields": {
      "recurring_type": "M",
      "recurring_day": 22,
      "recurring_range": 2,
      "related_income": 29,
      "related_expense": 11
    }
  },
  {
    "model": "income.recurringincome",
    "pk": 32,
    "fields": {
      "recurring_type": "M",
      "recurring_day": 11,
      "recurring_range": 2,
      "related_income": 21,
      "related_expense": 24
    }
  },
  {
    "model": "income.recurringincome",
    "pk": 33,
    "fields": {
      "recurring_type": "M",
      "recurring_day": 22,
      "recurring_range": 7,
      "related_income": 10,
      "related_expense": 18
    }
  },
  {
    "model": "income.recurringincome",
    "pk": 34,
    "fields": {
      "recurring_type": "M",
      "recurring_day": 22,
      "recurring_range": 11,
      "related_income": 6,
      "related_expense": 45
    }
  },
  {
    "model": "income.recurringincome",
    "pk": 35,
    "fields": {
      "recurring_type": "M",
      "recurring_day": 28,
      "recurring_range": 8,
      "related_income": 37,
      "related_expense": 8
    }
  },
  {
    "model": "income.recurringincome",
    "pk": 36,
    "fields": {
      "recurring_type": "M",
      "recurring_day": 24,
      "recurring_range": 6,
      "related_income": 1,
      "related_expense": 31
    }
  },
  {
    "model": "income.recurringincome",
    "pk": 37,
    "fields": {
      "recurring_type": "M",
      "recurring_day": 19,
      "recurring_range": 11,
      "related_income": 42,
      "related_expense": 7
    }
  },
  {
    "model": "income.recurringincome",
    "pk": 38,
    "fields": {
      "recurring_type": "M",
      "recurring_day": 22,
      "recurring_range": 2,
      "related_income": 38,
      "related_expense": 30
    }
  },
  {
    "model": "income.recurringincome",
    "pk": 39,
    "fields": {
      "recurring_type": "M",
      "recurring_day": 8,
      "recurring_range": 8,
      "related_income": 5,
      "related_expense": 17
    }
  },
  {
    "model": "income.recurringincome",
    "pk": 40,
    "fields": {
      "recurring_type": "M",
      "recurring_day": 26,
      "recurring_range": 3,
      "related_income": 1,
      "related_expense": 13
    }
  },
  {
    "model": "income.recurringincome",
    "pk": 41,
    "fields": {
      "recurring_type": "M",
      "recurring_day": 7,
      "recurring_range": 12,
      "related_income": 11,
      "related_expense": 4
    }
  },
  {
    "model": "income.recurringincome",
    "pk": 42,
    "fields": {
      "recurring_type": "M",
      "recurring_day": 23,
      "recurring_range": 6,
      "related_income": 46,
      "related_expense": 16
    }
  },
  {
    "model": "income.recurringincome",
    "pk": 43,
    "fields": {
      "recurring_type": "M",
      "recurring_day": 12,
      "recurring_range": 10,
      "related_income": 29,
      "related_expense": 17
    }
  },
  {
    "model": "income.recurringincome",
    "pk": 44,
    "fields": {
      "recurring_type": "M",
      "recurring_day": 10,
      "recurring_range": 1,
      "related_income": 48,
      "related_expense": 50
    }
  },
  {
    "model": "income.recurringincome",
    "pk": 45,
    "fields": {
      "recurring_type": "M",
      "recurring_day": 27,
      "recurring_range": 6,
      "related_income": 28,
      "related_expense": 26
    }
  },
  {
    "model": "income.recurringincome",
    "pk": 46,
    "fields": {
      "recurring_type": "M",
      "recurring_day": 23,
      "recurring_range": 6,
      "related_income": 12,
      "related_expense": 35
    }
  },
  {
    "model": "income.recurringincome",
    "pk": 47,
    "fields": {
      "recurring_type": "M",
      "recurring_day": 20,
      "recurring_range": 5,
      "related_income": 22,
      "related_expense": 48
    }
  },
  {
    "model": "income.recurringincome",
    "pk": 48,
    "fields": {
      "recurring_type": "M",
      "recurring_day": 8,
      "recurring_range": 7,
      "related_income": 22,
      "related_expense": 22
    }
  },
  {
    "model": "income.recurringincome",
    "pk": 49,
    "fields": {
      "recurring_type": "M",
      "recurring_day": 3,
      "recurring_range": 4,
      "related_income": 45,
      "related_expense": 18
    }
  },
  {
    "model": "income.recurringincome",
    "pk": 50,
    "fields": {
      "recurring_type": "M",
      "recurring_day": 19,
      "recurring_range": 1,
      "related_income": 8,
      "related_expense": 35
    }
  }
]